customer_id,age,gender,category,purchase_date,purchase_amount
4369,62,女性,衣服,2022-09-29,2712
5130,49,男性,食品,2022-08-25,4249
4886,59,男性,衣服,2022-12-19,644
6620,51,男性,食品,2022-10-13,1204
3682,65,女性,家庭用品,2022-07-30,4402
6954,18,男性,電子製品,2022-03-26,4899
8593,42,女性,電子製品,2022-08-01,2850
1163,36,女性,食品,2022-06-30,2204
5109,61,女性,電子製品,2022-03-30,4118
2917,31,女性,電子製品,2022-04-05,3580
9263,63,女性,家庭用品,2022-01-14,2466
2243,60,女性,食品,2022-04-01,4637
9538,39,女性,電子製品,2022-07-06,3148
4639,50,女性,衣服,2022-12-11,1158
7452,68,男性,衣服,2022-03-28,1365
2144,49,女性,電子製品,2022-08-26,2073
8046,60,女性,食品,2022-07-18,3310
1785,48,女性,食品,2022-06-02,4523
5603,39,男性,電子製品,2022-09-26,718
6577,46,男性,電子製品,2022-01-27,4719
1231,34,男性,食品,2022-03-24,3429
4893,65,女性,衣服,2022-03-20,3629
4087,54,男性,衣服,2022-06-26,921
3275,67,女性,電子製品,2022-03-13,3321
2348,44,女性,家庭用品,2022-01-27,867
8431,68,男性,家庭用品,2022-03-31,4823
7899,30,男性,食品,2022-03-24,3433
4202,46,女性,電子製品,2022-08-02,4352
9010,19,男性,食品,2022-04-07,4601
2817,41,女性,家庭用品,2022-08-01,3067
8492,52,男性,衣服,2022-11-04,2433
6503,55,男性,家庭用品,2022-12-23,4980
2838,21,女性,衣服,2022-08-05,2228
7209,69,男性,電子製品,2022-11-08,947
2736,29,女性,家庭用品,2022-05-27,2144
5610,33,女性,電子製品,2022-11-09,1725
3227,56,男性,衣服,2022-05-23,633
6794,48,女性,家庭用品,2022-05-07,4007
6658,20,男性,電子製品,2022-05-23,1518
1435,60,女性,食品,2022-07-05,2326
7904,38,女性,衣服,2022-11-16,1747
7433,52,男性,衣服,2022-04-09,2213
4784,39,男性,衣服,2022-04-23,1434
7938,67,男性,電子製品,2022-10-11,3700
7629,31,女性,食品,2022-06-07,3633
1404,37,男性,家庭用品,2022-10-16,4194
2871,19,女性,食品,2022-07-02,1035
3358,33,女性,衣服,2022-05-20,2285
4678,49,女性,衣服,2022-06-28,1658
5957,34,女性,食品,2022-08-16,2381
4141,42,女性,衣服,2022-01-30,2848
9002,38,男性,電子製品,2022-03-26,4898
5026,21,女性,食品,2022-02-27,2431
3675,18,男性,衣服,2022-05-17,3209
1547,36,男性,衣服,2022-10-10,4079
4264,41,女性,衣服,2022-10-16,3344
2608,45,男性,食品,2022-10-30,2581
5085,36,女性,衣服,2022-05-16,3991
6054,58,女性,電子製品,2022-02-28,4107
1681,44,男性,衣服,2022-05-03,3329
9144,35,女性,食品,2022-01-28,4434
4684,41,男性,食品,2022-06-16,3384
8694,43,女性,家庭用品,2022-03-21,3753
6476,60,男性,家庭用品,2022-12-18,3923
1112,67,男性,電子製品,2022-11-10,3333
7519,22,女性,食品,2022-03-08,3204
9559,39,女性,衣服,2022-10-24,2866
2517,36,女性,衣服,2022-06-08,1332
1294,63,女性,家庭用品,2022-02-28,998
7013,64,男性,電子製品,2022-02-08,4244
2031,23,女性,家庭用品,2022-11-08,4889
8965,47,男性,衣服,2022-11-10,2318
5644,66,男性,家庭用品,2022-12-03,3520
1041,34,男性,食品,2022-01-06,3584
3172,25,男性,衣服,2022-05-27,1886
8104,38,男性,衣服,2022-03-04,1875
2236,38,女性,電子製品,2022-10-20,4834
2977,31,男性,家庭用品,2022-05-01,1117
5489,42,男性,食品,2022-10-08,2111
8823,66,男性,食品,2022-02-04,3389
8098,37,男性,衣服,2022-02-12,2776
7333,29,男性,衣服,2022-12-15,2234
4614,42,女性,電子製品,2022-06-07,2719
5760,24,男性,衣服,2022-10-30,2886
7191,24,女性,電子製品,2022-11-15,2460
7370,42,女性,電子製品,2022-06-07,2069
9998,59,男性,食品,2022-05-08,2496
2567,65,女性,電子製品,2022-01-21,4545
8708,27,男性,電子製品,2022-05-05,3893
5414,62,女性,衣服,2022-01-27,1700
9571,68,女性,家庭用品,2022-12-26,4635
5027,52,男性,家庭用品,2022-10-29,1081
8958,40,男性,衣服,2022-04-29,776
5100,29,男性,食品,2022-07-06,1009
5570,57,男性,電子製品,2022-01-28,1908
8682,65,女性,食品,2022-11-02,4235
9173,24,男性,衣服,2022-03-27,651
3770,44,女性,家庭用品,2022-11-21,2779
6190,19,男性,衣服,2022-01-10,2207
3815,68,女性,食品,2022-04-19,4074
1009,51,男性,衣服,2022-04-06,3839
5908,47,男性,衣服,2022-12-13,4483
4606,23,男性,衣服,2022-09-26,1545
5449,56,女性,家庭用品,2022-07-26,2511
3423,37,女性,電子製品,2022-05-27,3916
7668,34,男性,衣服,2022-12-21,1828
3933,19,男性,家庭用品,2022-04-30,4094
8450,29,男性,衣服,2022-02-22,949
9679,70,男性,衣服,2022-10-24,3239
2333,22,女性,衣服,2022-09-12,3610
9462,34,女性,家庭用品,2022-05-13,1128
3205,54,男性,食品,2022-05-21,2705
5505,28,女性,電子製品,2022-05-18,4868
2486,38,男性,食品,2022-03-31,1121
3528,60,女性,衣服,2022-09-01,1217
7805,38,男性,電子製品,2022-05-31,3558
5081,30,男性,食品,2022-12-18,4594
7667,30,男性,食品,2022-04-02,1631
8683,63,男性,衣服,2022-11-08,4342
3204,30,女性,衣服,2022-03-23,1810
9479,42,男性,衣服,2022-11-10,2364
1825,50,男性,食品,2022-11-06,3602
9419,63,男性,衣服,2022-02-10,3491
3649,67,男性,食品,2022-09-08,3199
2111,41,男性,食品,2022-05-24,2290
4847,19,男性,衣服,2022-08-18,2241
2822,31,女性,衣服,2022-06-18,2504
5905,41,男性,家庭用品,2022-07-25,3207
3040,21,女性,家庭用品,2022-05-14,1012
2201,57,男性,食品,2022-03-10,1606
3233,43,女性,家庭用品,2022-09-01,2214
4706,36,男性,衣服,2022-03-28,2726
3252,60,女性,電子製品,2022-01-10,1133
5076,19,男性,衣服,2022-10-22,4778
1670,25,男性,電子製品,2022-06-30,606
7211,19,男性,食品,2022-01-16,1010
6435,22,男性,食品,2022-08-31,2526
4805,33,女性,家庭用品,2022-02-01,2780
7362,52,男性,電子製品,2022-08-14,4195
5756,50,女性,家庭用品,2022-05-10,4576
9048,34,女性,電子製品,2022-07-24,2467
1482,40,女性,衣服,2022-07-28,3328
3452,57,女性,衣服,2022-07-14,3220
4475,62,女性,衣服,2022-08-02,1531
5850,24,男性,食品,2022-08-16,3697
4522,58,女性,食品,2022-12-30,3778
3462,63,男性,家庭用品,2022-06-07,3733
9812,69,男性,家庭用品,2022-01-06,2331
6687,70,男性,衣服,2022-12-06,1660
1781,43,女性,電子製品,2022-06-07,1783
1848,46,女性,衣服,2022-06-20,3287
3364,28,男性,食品,2022-08-09,2710
1146,30,男性,衣服,2022-06-24,2813
9328,60,女性,家庭用品,2022-03-23,2217
7964,59,男性,家庭用品,2022-11-10,590
4569,43,女性,食品,2022-06-26,4082
7964,63,男性,食品,2022-05-31,4954
1321,44,男性,家庭用品,2022-06-12,3944
4090,26,男性,家庭用品,2022-03-10,4641
1540,55,男性,食品,2022-09-30,4338
1502,65,女性,衣服,2022-11-09,3959
1512,68,男性,食品,2022-12-01,1146
8498,59,女性,電子製品,2022-07-12,4205
4737,60,女性,衣服,2022-11-14,4763
8826,31,男性,衣服,2022-04-17,3208
9323,50,女性,衣服,2022-01-06,1624
5989,26,男性,衣服,2022-11-18,1270
5202,57,女性,衣服,2022-02-06,2308
2167,25,女性,家庭用品,2022-02-26,3936
4783,18,女性,食品,2022-02-24,1160
2599,42,女性,家庭用品,2022-09-09,1726
8560,38,女性,家庭用品,2022-06-21,1375
2185,33,女性,食品,2022-11-26,3178
4184,45,男性,電子製品,2022-06-08,2525
8471,29,女性,衣服,2022-01-27,1918
9000,54,男性,衣服,2022-05-11,1431
1015,44,男性,食品,2022-12-07,4297
8146,64,女性,家庭用品,2022-06-27,1257
6483,49,女性,電子製品,2022-01-11,3300
5276,42,女性,家庭用品,2022-08-03,3827
3873,68,男性,食品,2022-12-29,2879
8984,53,女性,電子製品,2022-12-05,2480
5946,29,女性,食品,2022-03-30,2253
3189,18,女性,家庭用品,2022-01-27,2283
6776,53,女性,衣服,2022-09-13,2758
1103,47,女性,食品,2022-05-16,1209
2757,50,男性,衣服,2022-01-04,2610
2066,19,男性,衣服,2022-12-23,542
8483,25,女性,家庭用品,2022-12-07,4514
5845,38,男性,食品,2022-09-01,621
1486,56,男性,食品,2022-04-27,4103
8111,70,女性,衣服,2022-01-19,4035
1197,39,男性,家庭用品,2022-01-25,2388
8411,20,女性,電子製品,2022-10-09,3574
4872,65,女性,食品,2022-09-13,1847
4660,33,男性,家庭用品,2022-06-19,3808
5235,55,男性,食品,2022-07-04,2858
6831,41,女性,衣服,2022-10-01,544
6756,24,女性,家庭用品,2022-03-04,1558
4341,54,女性,食品,2022-08-19,1292
8290,22,女性,衣服,2022-02-21,2079
7306,61,女性,食品,2022-10-23,4964
5979,47,女性,食品,2022-09-29,4372
9064,49,女性,家庭用品,2022-06-28,4710
4817,64,女性,家庭用品,2022-03-23,2018
6394,18,男性,食品,2022-04-13,2071
9036,52,男性,家庭用品,2022-05-07,1042
3952,31,男性,電子製品,2022-12-02,4327
6728,66,男性,家庭用品,2022-08-05,1889
8469,38,女性,家庭用品,2022-03-04,2405
7007,69,女性,衣服,2022-08-25,783
4554,22,男性,家庭用品,2022-11-09,822
8706,41,女性,電子製品,2022-11-18,2706
6429,54,男性,衣服,2022-03-04,3559
7235,57,男性,食品,2022-08-14,4004
1640,34,男性,食品,2022-08-08,729
8485,29,男性,衣服,2022-09-03,624
1890,30,男性,食品,2022-01-01,4647
8068,56,女性,電子製品,2022-10-08,4900
7820,26,女性,食品,2022-09-06,4083
2241,64,女性,衣服,2022-01-17,880
3068,44,女性,電子製品,2022-02-02,3144
1940,65,男性,家庭用品,2022-09-26,1029
3550,52,男性,食品,2022-12-11,2594
3506,47,女性,食品,2022-06-17,1153
1451,45,女性,家庭用品,2022-12-05,3326
4596,49,男性,衣服,2022-03-02,4430
6903,66,女性,食品,2022-06-30,2507
3459,24,女性,食品,2022-10-02,4476
1430,43,女性,電子製品,2022-12-05,4717
3610,26,男性,衣服,2022-10-22,2191
7055,27,男性,衣服,2022-09-05,3619
8245,34,男性,電子製品,2022-05-27,3603
3150,33,女性,食品,2022-09-14,877
1697,22,男性,衣服,2022-06-22,3591
5261,66,女性,食品,2022-04-16,1182
3846,67,女性,家庭用品,2022-11-16,4646
8980,60,女性,衣服,2022-07-02,1081
4678,60,男性,食品,2022-08-15,3371
1543,22,女性,食品,2022-08-29,790
7519,70,女性,家庭用品,2022-01-02,3502
6935,43,男性,衣服,2022-07-31,2065
4179,56,女性,電子製品,2022-01-30,2036
9868,28,男性,衣服,2022-09-30,1258
1012,28,女性,電子製品,2022-06-11,2459
7563,46,女性,食品,2022-09-29,3212
2865,45,女性,衣服,2022-06-27,2888
7097,58,女性,衣服,2022-09-16,4000
8001,26,女性,家庭用品,2022-07-11,1916
4968,45,女性,食品,2022-07-18,4399
2040,66,女性,電子製品,2022-12-04,2496
9979,24,男性,家庭用品,2022-05-03,2760
7386,26,女性,食品,2022-11-05,3037
8780,41,女性,食品,2022-06-23,1654
9860,48,女性,衣服,2022-01-31,2044
3060,70,女性,電子製品,2022-10-29,4565
9743,26,女性,衣服,2022-08-19,723
7452,39,女性,衣服,2022-06-10,3632
8632,46,男性,食品,2022-12-19,741
8480,22,女性,衣服,2022-05-13,1541
4155,35,男性,電子製品,2022-05-24,2826
1865,52,男性,電子製品,2022-11-09,2301
6313,42,男性,家庭用品,2022-12-30,3119
8968,25,男性,衣服,2022-08-30,1081
1288,69,男性,家庭用品,2022-03-13,3886
4451,45,男性,家庭用品,2022-12-13,504
6393,64,男性,家庭用品,2022-10-21,1676
3926,33,女性,食品,2022-10-12,2416
5272,56,女性,家庭用品,2022-10-26,1788
5477,51,女性,食品,2022-09-14,609
1607,28,女性,食品,2022-07-03,2179
3630,30,男性,家庭用品,2022-02-16,4155
8437,28,男性,家庭用品,2022-04-26,2982
6755,42,男性,電子製品,2022-01-09,4747
7368,38,女性,衣服,2022-07-03,692
9696,30,女性,家庭用品,2022-06-21,2436
6294,67,男性,家庭用品,2022-03-20,2669
7667,25,男性,衣服,2022-12-30,3664
5079,38,男性,食品,2022-10-21,4891
7033,47,男性,電子製品,2022-11-05,4487
8913,61,男性,家庭用品,2022-04-23,1575
8230,18,女性,衣服,2022-09-01,1462
2070,66,男性,電子製品,2022-04-13,4137
1037,64,女性,電子製品,2022-01-31,4464
6157,43,男性,食品,2022-04-18,3466
2412,25,男性,電子製品,2022-04-11,4548
6616,40,女性,衣服,2022-04-29,4920
6814,39,女性,食品,2022-05-15,1765
4243,47,女性,食品,2022-08-04,1761
4694,58,男性,食品,2022-07-28,3811
2721,18,女性,食品,2022-04-27,3891
8721,23,男性,家庭用品,2022-03-12,4000
7639,43,男性,家庭用品,2022-01-17,1244
8555,25,男性,家庭用品,2022-07-02,1091
3496,68,男性,衣服,2022-09-30,877
9092,36,男性,衣服,2022-03-02,4516
2007,28,男性,家庭用品,2022-04-09,4060
8449,37,男性,食品,2022-05-26,4624
7804,59,男性,家庭用品,2022-07-17,3233
7628,34,女性,衣服,2022-12-06,3084
8458,47,男性,電子製品,2022-10-25,689
9813,55,女性,電子製品,2022-09-14,530
7377,48,男性,電子製品,2022-10-13,2404
6336,29,女性,衣服,2022-04-14,2550
2071,60,男性,食品,2022-02-02,2330
9788,52,女性,家庭用品,2022-01-04,1809
1253,30,男性,食品,2022-01-30,766
3062,18,男性,電子製品,2022-08-30,2721
1135,36,男性,家庭用品,2022-11-04,843
4782,37,女性,家庭用品,2022-09-23,926
8213,69,男性,家庭用品,2022-03-13,2425
1908,61,女性,衣服,2022-08-05,2222
1930,53,男性,食品,2022-09-07,3074
1687,55,男性,食品,2022-05-16,3701
7124,61,女性,電子製品,2022-04-14,4093
7837,41,男性,電子製品,2022-10-14,887
7325,53,女性,家庭用品,2022-07-24,4509
2118,54,女性,電子製品,2022-11-12,2723
6193,20,男性,衣服,2022-03-18,1916
4083,58,女性,衣服,2022-05-17,4081
7212,57,女性,電子製品,2022-08-27,2083
9917,54,男性,電子製品,2022-03-01,4389
1009,44,女性,食品,2022-02-19,4420
9999,29,男性,食品,2022-02-05,2878
4447,65,女性,衣服,2022-06-05,2637
7793,24,男性,衣服,2022-09-07,4639
6823,45,男性,食品,2022-07-16,1388
5488,59,男性,衣服,2022-04-29,2575
6932,56,女性,電子製品,2022-01-13,2412
7719,65,男性,食品,2022-03-27,1066
3670,54,女性,衣服,2022-05-20,4663
7119,39,女性,食品,2022-07-13,4786
9966,20,男性,食品,2022-08-09,3046
9332,51,男性,衣服,2022-09-29,2014
9947,67,女性,家庭用品,2022-04-16,3300
6825,60,男性,家庭用品,2022-01-26,4641
8579,27,女性,家庭用品,2022-05-06,3391
8321,64,女性,食品,2022-08-12,4599
2021,21,女性,衣服,2022-05-04,1706
7214,69,女性,食品,2022-10-29,3530
7089,32,女性,家庭用品,2022-03-31,964
6405,66,男性,衣服,2022-06-29,2484
9964,20,男性,衣服,2022-07-23,1026
2550,43,女性,家庭用品,2022-08-25,4492
7962,20,男性,食品,2022-10-21,1526
8231,24,男性,家庭用品,2022-10-27,1845
9783,30,女性,電子製品,2022-06-05,983
7308,69,女性,家庭用品,2022-04-09,1268
2791,59,男性,食品,2022-03-10,1252
1929,58,女性,家庭用品,2022-03-27,3042
9905,70,女性,衣服,2022-05-06,3415
2239,19,男性,家庭用品,2022-05-05,781
8933,18,男性,衣服,2022-01-31,1474
8865,44,女性,食品,2022-09-27,4909
6150,45,女性,衣服,2022-03-08,3317
3616,62,男性,家庭用品,2022-07-28,3259
7439,19,女性,衣服,2022-09-10,3604
3646,58,女性,食品,2022-02-11,1878
3779,38,男性,家庭用品,2022-09-21,2526
2999,42,男性,衣服,2022-12-13,870
5006,45,男性,電子製品,2022-12-22,2799
4722,18,女性,家庭用品,2022-08-30,4857
1998,23,男性,衣服,2022-12-09,883
4137,54,女性,衣服,2022-01-21,4624
3058,33,女性,家庭用品,2022-02-12,2023
5585,62,女性,衣服,2022-03-06,908
8838,20,女性,衣服,2022-03-12,4908
8254,18,男性,食品,2022-09-13,1465
6608,31,男性,衣服,2022-12-09,1258
4907,30,女性,衣服,2022-01-24,4236
2772,34,男性,食品,2022-10-15,1146
7459,29,女性,衣服,2022-11-15,3202
1193,51,男性,家庭用品,2022-03-28,3465
7412,35,男性,衣服,2022-03-08,4035
7210,32,男性,電子製品,2022-01-06,2294
4792,70,女性,食品,2022-05-02,2711
6059,57,女性,衣服,2022-12-28,3638
6324,22,女性,家庭用品,2022-09-02,3035
9016,19,男性,家庭用品,2022-12-29,2156
6274,53,男性,衣服,2022-10-25,900
5232,46,女性,衣服,2022-01-14,2434
7474,35,男性,電子製品,2022-06-05,2143
3314,40,男性,家庭用品,2022-06-14,597
1293,39,女性,家庭用品,2022-01-12,3802
9294,53,男性,衣服,2022-07-27,2416
7882,29,女性,家庭用品,2022-11-23,1299
6211,28,男性,電子製品,2022-02-02,4061
1750,20,男性,家庭用品,2022-07-05,3756
4683,55,女性,食品,2022-02-28,2178
3701,21,男性,食品,2022-03-18,1801
1898,30,女性,食品,2022-02-21,3937
3244,19,女性,食品,2022-07-06,1078
7238,57,女性,衣服,2022-08-29,4003
5101,50,女性,電子製品,2022-02-26,2286
9411,47,女性,食品,2022-01-16,2521
7054,23,男性,電子製品,2022-09-29,3652
1668,48,女性,電子製品,2022-11-18,4334
1146,45,女性,食品,2022-10-05,2653
5615,26,女性,家庭用品,2022-08-23,4148
2147,26,男性,食品,2022-01-07,3439
5901,27,女性,衣服,2022-11-11,4520
6201,48,女性,電子製品,2022-12-26,2122
7649,62,男性,食品,2022-03-12,4426
9259,68,女性,衣服,2022-12-30,1779
3994,52,女性,家庭用品,2022-11-20,4318
4698,48,男性,家庭用品,2022-06-26,4929
2847,23,女性,衣服,2022-03-23,3710
8116,28,女性,衣服,2022-07-18,4036
8562,36,女性,食品,2022-12-10,3104
8394,22,女性,衣服,2022-05-13,1590
3063,64,女性,食品,2022-08-22,3950
5634,31,女性,食品,2022-12-21,3379
4970,24,男性,家庭用品,2022-08-15,4455
5800,18,女性,家庭用品,2022-07-10,2287
9350,30,男性,家庭用品,2022-07-28,694
3996,67,女性,電子製品,2022-01-22,2975
6821,25,男性,衣服,2022-10-10,646
9809,70,女性,食品,2022-01-19,1413
7740,19,男性,家庭用品,2022-05-24,535
8388,70,男性,家庭用品,2022-09-21,3176
9356,42,女性,電子製品,2022-03-02,4179
5819,52,男性,衣服,2022-07-22,3065
5171,24,女性,電子製品,2022-10-21,1568
5151,59,女性,電子製品,2022-09-05,3357
3221,62,女性,家庭用品,2022-08-05,1542
1774,66,女性,食品,2022-09-25,2857
5705,35,女性,電子製品,2022-11-14,3394
3295,28,女性,食品,2022-10-24,2268
4620,43,女性,家庭用品,2022-06-02,1443
9631,27,男性,衣服,2022-06-08,2000
4601,61,女性,電子製品,2022-01-07,2869
7370,34,男性,電子製品,2022-07-06,2765
9901,33,男性,家庭用品,2022-06-21,2351
5804,26,男性,電子製品,2022-12-15,4074
6007,63,男性,衣服,2022-09-02,4702
9325,29,女性,家庭用品,2022-08-13,1419
4740,23,女性,食品,2022-12-26,2504
9189,55,女性,電子製品,2022-04-13,4323
2801,40,女性,家庭用品,2022-05-08,4477
8524,34,女性,電子製品,2022-10-19,1192
2330,48,女性,家庭用品,2022-09-12,4241
5881,57,女性,電子製品,2022-04-20,661
3524,47,男性,衣服,2022-01-10,2003
2921,42,男性,衣服,2022-03-31,3534
7099,47,女性,衣服,2022-02-25,1960
6745,52,男性,家庭用品,2022-08-08,740
7214,24,男性,電子製品,2022-04-06,3962
7924,65,女性,家庭用品,2022-04-30,2288
1346,54,女性,衣服,2022-01-24,1759
8568,62,女性,衣服,2022-11-09,2209
4406,24,女性,家庭用品,2022-10-31,2595
2964,30,女性,電子製品,2022-07-31,3329
7800,59,女性,家庭用品,2022-04-14,732
9267,30,女性,家庭用品,2022-04-22,1621
7180,57,男性,家庭用品,2022-09-11,1210
7154,32,女性,電子製品,2022-05-01,3174
5821,69,男性,衣服,2022-10-05,1159
4509,55,女性,衣服,2022-01-06,1831
3386,51,男性,家庭用品,2022-09-18,1375
9249,28,男性,家庭用品,2022-10-23,4493
7590,20,女性,家庭用品,2022-01-09,521
4340,52,女性,家庭用品,2022-10-26,4540
1423,37,女性,食品,2022-10-11,2399
5025,21,女性,家庭用品,2022-04-21,3607
9388,38,女性,電子製品,2022-04-01,1708
6296,64,女性,食品,2022-01-30,3430
9894,39,男性,電子製品,2022-11-30,4908
9623,69,男性,電子製品,2022-11-17,3819
9839,23,女性,衣服,2022-10-03,2140
8722,67,女性,食品,2022-05-02,4800
9228,59,男性,家庭用品,2022-04-27,1673
4814,46,男性,家庭用品,2022-11-16,2237
9623,54,女性,家庭用品,2022-06-25,2575
1461,19,男性,食品,2022-09-30,4333
3459,61,女性,食品,2022-03-05,3237
4873,60,男性,家庭用品,2022-11-15,3529
9698,57,女性,電子製品,2022-04-19,3982
7674,28,女性,衣服,2022-05-03,1613
8611,35,男性,食品,2022-08-04,730
8742,18,男性,食品,2022-07-01,3139
3209,23,女性,家庭用品,2022-08-12,661
7647,67,女性,衣服,2022-07-26,1535
2492,67,女性,衣服,2022-08-28,4855
6149,48,女性,家庭用品,2022-08-16,1591
3819,45,男性,衣服,2022-07-28,2207
8084,27,女性,家庭用品,2022-09-30,4352
4628,50,男性,食品,2022-05-14,2011
4392,61,男性,食品,2022-06-17,4874
8134,40,男性,電子製品,2022-01-19,3078
9643,52,女性,衣服,2022-04-24,2799
1417,44,女性,電子製品,2022-12-30,3267
6678,48,男性,衣服,2022-09-23,2136
1351,40,女性,食品,2022-07-19,1122
6254,29,女性,電子製品,2022-10-10,3344
3597,18,男性,食品,2022-10-04,3044
3145,49,男性,家庭用品,2022-03-28,1657
4732,65,男性,電子製品,2022-12-19,1609
2145,30,男性,衣服,2022-09-11,4780
2453,19,男性,衣服,2022-09-02,3225
9405,29,男性,電子製品,2022-04-13,3647
5570,57,女性,電子製品,2022-04-03,2821
2556,51,男性,電子製品,2022-03-03,4974
9611,41,女性,食品,2022-04-20,4865
7052,39,男性,食品,2022-11-26,4042
4056,36,女性,電子製品,2022-09-17,947
7495,35,男性,食品,2022-08-20,1210
5602,63,男性,衣服,2022-11-08,572
9030,38,女性,家庭用品,2022-10-15,2011
6753,61,男性,衣服,2022-10-20,4361
1118,56,女性,食品,2022-12-21,4025
2185,44,男性,食品,2022-06-12,3672
8968,63,女性,家庭用品,2022-12-21,1434
9217,42,女性,食品,2022-07-11,3625
2298,60,女性,食品,2022-01-09,718
4599,55,男性,家庭用品,2022-12-11,1023
3110,56,男性,食品,2022-10-14,2338
7118,28,女性,食品,2022-05-23,3146
4170,62,男性,食品,2022-06-17,2979
8362,51,女性,電子製品,2022-05-04,4136
4394,65,女性,衣服,2022-09-03,4476
5542,61,女性,電子製品,2022-03-09,918
6296,26,男性,電子製品,2022-10-05,3355
8666,54,女性,食品,2022-10-31,4004
2504,22,女性,食品,2022-05-23,3517
1247,67,男性,衣服,2022-11-07,2667
8654,45,女性,電子製品,2022-12-04,2173
1568,35,男性,電子製品,2022-06-13,3863
6297,57,男性,電子製品,2022-01-24,4805
5477,63,男性,家庭用品,2022-10-30,1840
3515,31,女性,電子製品,2022-10-01,2715
3401,50,女性,家庭用品,2022-03-21,1276
3063,66,女性,電子製品,2022-10-21,2465
1467,61,男性,電子製品,2022-01-27,2857
3922,31,男性,家庭用品,2022-07-20,4387
4833,54,男性,食品,2022-09-20,4127
9581,20,女性,電子製品,2022-01-28,1586
3447,59,男性,電子製品,2022-11-04,3584
3883,37,男性,家庭用品,2022-08-24,4116
7085,69,男性,衣服,2022-02-26,3394
7672,34,女性,衣服,2022-02-21,2168
2373,41,女性,衣服,2022-04-24,4606
1845,35,女性,電子製品,2022-01-02,2273
9223,37,女性,衣服,2022-09-16,4755
7211,62,男性,電子製品,2022-09-27,2604
6841,47,男性,電子製品,2022-08-17,3101
8663,26,女性,家庭用品,2022-04-15,2454
5082,22,男性,電子製品,2022-12-17,3338
8163,52,女性,食品,2022-05-14,2406
9612,22,女性,衣服,2022-09-29,3789
6681,27,女性,食品,2022-01-05,2033
6441,22,男性,電子製品,2022-11-23,2884
1271,59,女性,電子製品,2022-03-28,1756
7753,61,男性,電子製品,2022-03-19,1975
5200,63,男性,食品,2022-11-26,3470
4516,60,男性,電子製品,2022-06-28,923
5248,58,男性,家庭用品,2022-08-23,4015
8935,26,男性,家庭用品,2022-09-14,2168
6944,24,男性,家庭用品,2022-01-22,3023
2936,56,男性,家庭用品,2022-12-22,3122
5324,45,男性,電子製品,2022-04-12,2499
5766,60,女性,食品,2022-02-10,2507
6804,26,男性,食品,2022-05-16,4353
1416,68,女性,電子製品,2022-11-26,3273
7912,36,女性,食品,2022-07-20,4911
9331,45,男性,家庭用品,2022-07-11,1152
1492,49,女性,食品,2022-08-24,2878
5019,48,女性,衣服,2022-08-23,4017
2831,29,女性,衣服,2022-01-05,4989
4463,29,男性,家庭用品,2022-01-21,2917
3616,66,男性,家庭用品,2022-10-11,4285
9453,24,女性,衣服,2022-04-20,4695
8013,25,男性,電子製品,2022-04-21,603
6457,53,女性,食品,2022-09-15,2278
3659,64,男性,衣服,2022-09-26,4176
7717,61,女性,電子製品,2022-05-08,4725
8148,49,男性,電子製品,2022-04-13,1260
2426,62,女性,家庭用品,2022-01-03,2933
5277,31,女性,電子製品,2022-04-22,4516
1483,28,男性,食品,2022-05-31,942
1677,34,男性,衣服,2022-08-02,2087
9474,35,女性,食品,2022-06-20,4353
4740,23,女性,衣服,2022-10-03,3406
7657,39,男性,食品,2022-09-16,4914
8112,55,女性,衣服,2022-12-13,4696
5784,64,男性,衣服,2022-11-15,1553
5516,59,女性,食品,2022-09-18,967
4207,32,女性,家庭用品,2022-12-25,1524
9741,30,女性,食品,2022-01-26,642
1616,38,女性,衣服,2022-05-01,4864
2818,67,男性,食品,2022-11-10,4854
5754,55,女性,家庭用品,2022-09-07,2210
7492,33,女性,食品,2022-02-05,4216
3633,57,男性,家庭用品,2022-09-15,1712
8646,33,男性,電子製品,2022-02-19,4878
7462,69,男性,家庭用品,2022-11-19,3095
6978,60,男性,家庭用品,2022-04-21,794
5718,53,女性,衣服,2022-04-19,4544
7979,48,男性,電子製品,2022-10-08,4005
2665,40,男性,食品,2022-06-19,3993
9748,48,男性,衣服,2022-12-31,3201
5734,62,女性,食品,2022-11-14,4817
7260,26,男性,食品,2022-09-09,4973
2909,20,男性,電子製品,2022-01-05,4893
3711,63,女性,食品,2022-05-20,3591
4231,64,女性,電子製品,2022-11-11,4278
7951,30,男性,食品,2022-07-30,4672
5848,36,女性,食品,2022-02-01,4429
4514,25,女性,家庭用品,2022-01-24,1246
9686,21,男性,食品,2022-09-19,3322
7615,63,女性,家庭用品,2022-08-13,3856
3466,54,女性,家庭用品,2022-04-29,3287
4667,19,男性,家庭用品,2022-07-02,1997
7734,49,女性,家庭用品,2022-07-11,771
3531,56,男性,衣服,2022-03-27,3525
2577,63,女性,電子製品,2022-07-01,2741
4741,18,女性,衣服,2022-03-19,2960
3043,42,女性,食品,2022-05-13,1517
2227,45,女性,電子製品,2022-10-14,2552
2736,24,女性,電子製品,2022-06-11,1616
6733,40,女性,家庭用品,2022-12-20,4535
2280,50,男性,食品,2022-10-22,1160
9053,19,女性,電子製品,2022-12-07,2102
1596,58,男性,食品,2022-03-13,3476
1936,30,男性,電子製品,2022-11-30,1778
7815,23,女性,家庭用品,2022-10-18,3119
7335,56,男性,食品,2022-04-15,2232
5612,67,女性,衣服,2022-03-14,3930
1403,43,女性,衣服,2022-08-25,4151
8295,42,女性,衣服,2022-02-15,513
4748,43,女性,衣服,2022-05-22,4218
3720,57,女性,家庭用品,2022-12-27,3138
9855,62,女性,電子製品,2022-04-24,3627
5262,31,女性,電子製品,2022-12-09,2165
5233,25,男性,電子製品,2022-03-14,1697
9849,40,男性,電子製品,2022-10-30,4977
4703,39,女性,衣服,2022-11-08,4995
5723,30,女性,食品,2022-11-29,2321
3019,40,女性,衣服,2022-01-25,1581
2353,26,男性,家庭用品,2022-07-01,3395
6099,67,女性,電子製品,2022-06-13,1578
2125,51,女性,家庭用品,2022-06-09,3157
2351,28,女性,電子製品,2022-01-12,1494
4994,37,男性,家庭用品,2022-04-08,3689
7706,48,男性,電子製品,2022-08-11,4303
3795,46,女性,電子製品,2022-07-11,4381
7061,33,男性,食品,2022-04-03,1340
4573,52,男性,衣服,2022-03-19,3440
4612,60,女性,食品,2022-06-23,1000
6641,64,女性,食品,2022-08-14,928
5328,35,男性,食品,2022-12-13,3472
6624,26,男性,衣服,2022-08-03,1095
9692,54,男性,電子製品,2022-09-21,3182
3229,33,女性,電子製品,2022-05-30,3247
4886,34,女性,電子製品,2022-07-19,1945
3597,55,女性,衣服,2022-07-16,2256
6638,49,男性,家庭用品,2022-08-17,2235
3295,46,女性,家庭用品,2022-03-11,3946
4207,36,男性,電子製品,2022-03-20,3534
5820,26,女性,衣服,2022-03-05,3638
1486,38,男性,家庭用品,2022-06-18,725
1988,52,男性,衣服,2022-06-21,4205
5982,31,男性,食品,2022-08-16,3855
5230,54,女性,食品,2022-06-30,1187
8053,18,女性,電子製品,2022-01-04,3728
6081,60,女性,家庭用品,2022-07-22,4168
9068,18,男性,家庭用品,2022-06-20,3450
7448,27,女性,衣服,2022-08-25,2751
4366,57,男性,電子製品,2022-04-16,1219
7979,44,女性,衣服,2022-09-21,3888
9943,35,女性,電子製品,2022-09-02,3150
3925,46,女性,電子製品,2022-11-13,3748
8800,67,男性,電子製品,2022-09-19,4192
6972,43,男性,衣服,2022-04-15,1484
4323,21,女性,食品,2022-03-28,1446
9953,45,女性,衣服,2022-03-22,4724
1770,27,女性,衣服,2022-09-30,4529
6154,33,男性,食品,2022-10-05,920
8126,49,男性,電子製品,2022-11-09,3682
5587,32,女性,電子製品,2022-07-16,1037
7565,22,男性,食品,2022-03-21,4261
9422,60,女性,食品,2022-05-23,4123
4041,60,男性,食品,2022-03-28,2567
3679,22,女性,食品,2022-11-01,1690
2676,33,男性,食品,2022-03-12,1211
6770,22,女性,食品,2022-11-24,1557
9789,40,女性,家庭用品,2022-06-03,1591
1326,51,女性,電子製品,2022-09-25,1754
9255,22,女性,衣服,2022-09-08,2539
4075,45,男性,食品,2022-10-28,3297
3625,53,男性,食品,2022-02-17,3912
9590,34,男性,家庭用品,2022-05-31,872
8669,65,男性,食品,2022-09-15,1563
6722,46,男性,電子製品,2022-09-23,2012
9088,20,男性,衣服,2022-11-09,1837
8866,32,男性,電子製品,2022-07-18,1180
5383,56,女性,家庭用品,2022-04-28,530
4098,30,男性,衣服,2022-08-30,678
8835,18,男性,電子製品,2022-03-29,4632
5447,32,男性,家庭用品,2022-02-27,1902
8107,64,女性,家庭用品,2022-11-14,1042
8275,39,女性,食品,2022-12-22,3005
7907,54,女性,食品,2022-05-10,3215
4888,56,女性,電子製品,2022-01-29,3289
2742,61,男性,電子製品,2022-10-30,2358
9568,64,女性,食品,2022-08-05,2795
2489,35,男性,食品,2022-09-21,4979
8671,27,女性,電子製品,2022-09-17,3786
8477,42,女性,家庭用品,2022-01-25,2039
4140,57,女性,衣服,2022-10-03,2919
3901,62,男性,電子製品,2022-05-10,2010
8537,51,男性,衣服,2022-02-07,2063
6777,48,男性,家庭用品,2022-07-03,1499
2964,61,女性,衣服,2022-12-18,1403
8451,30,女性,食品,2022-04-17,2973
7852,43,女性,家庭用品,2022-06-12,762
8848,70,女性,食品,2022-08-23,3501
2031,18,男性,家庭用品,2022-09-04,4762
7797,70,女性,電子製品,2022-11-10,691
6804,66,女性,電子製品,2022-08-10,4676
7636,43,男性,食品,2022-08-22,3134
9812,48,女性,衣服,2022-01-29,1758
8287,38,女性,家庭用品,2022-03-03,4013
6321,33,女性,家庭用品,2022-03-15,3704
9332,66,男性,電子製品,2022-04-12,3501
5143,63,女性,電子製品,2022-07-26,3415
3364,59,女性,食品,2022-08-24,683
6635,54,女性,食品,2022-02-27,3190
1503,63,女性,食品,2022-12-02,1936
6653,45,男性,家庭用品,2022-01-03,992
3240,70,女性,電子製品,2022-05-09,3191
7349,52,女性,衣服,2022-07-03,542
4657,44,女性,家庭用品,2022-08-02,2953
2298,63,男性,家庭用品,2022-07-23,2092
8642,65,男性,家庭用品,2022-07-28,4435
4538,41,男性,電子製品,2022-01-01,2110
6606,51,男性,家庭用品,2022-08-29,2621
6943,55,男性,衣服,2022-01-03,624
6734,45,女性,食品,2022-03-12,1728
9409,52,男性,衣服,2022-01-28,4425
1600,29,女性,食品,2022-08-28,2515
6265,53,女性,食品,2022-02-27,1190
8351,27,男性,衣服,2022-07-20,2121
8974,49,男性,電子製品,2022-08-08,558
5244,24,男性,食品,2022-04-24,1210
8328,40,男性,家庭用品,2022-01-14,1432
6316,45,女性,家庭用品,2022-12-30,2341
9140,35,男性,食品,2022-12-10,4203
3566,57,男性,電子製品,2022-05-18,550
1330,27,女性,衣服,2022-12-12,2001
8650,48,男性,家庭用品,2022-01-31,3671
2571,66,女性,家庭用品,2022-11-08,3336
7802,52,男性,衣服,2022-11-24,3991
5288,58,女性,衣服,2022-11-07,698
8869,21,男性,家庭用品,2022-08-25,3052
3435,70,女性,電子製品,2022-12-30,1171
1363,56,男性,食品,2022-12-06,1702
8720,33,女性,食品,2022-06-26,2160
2421,27,女性,衣服,2022-11-06,4415
6174,66,男性,食品,2022-10-30,1803
3665,42,女性,電子製品,2022-08-23,3053
8869,23,男性,家庭用品,2022-03-28,1788
7831,51,男性,食品,2022-05-03,3111
2332,49,女性,衣服,2022-04-27,1317
5977,28,女性,衣服,2022-01-05,3322
8791,66,男性,食品,2022-02-25,2488
5501,51,男性,食品,2022-04-02,3479
3825,68,男性,食品,2022-07-09,4380
8153,58,女性,家庭用品,2022-08-14,2948
5525,59,女性,家庭用品,2022-05-25,607
3435,53,女性,電子製品,2022-08-20,4271
6258,61,男性,衣服,2022-12-05,3073
7183,45,男性,食品,2022-05-29,3774
4250,24,女性,家庭用品,2022-03-09,758
5039,28,男性,衣服,2022-07-28,1720
1507,31,女性,家庭用品,2022-04-30,1430
6278,52,女性,電子製品,2022-03-17,3492
4851,40,女性,電子製品,2022-09-11,1800
1054,45,男性,電子製品,2022-11-24,4990
4193,23,女性,家庭用品,2022-06-27,2660
3134,52,男性,食品,2022-07-24,2670
9851,48,男性,衣服,2022-02-13,4028
8983,19,男性,電子製品,2022-09-04,3090
3411,70,男性,家庭用品,2022-07-18,2270
9187,59,男性,衣服,2022-06-16,4448
3862,34,男性,衣服,2022-12-21,771
6577,18,男性,電子製品,2022-09-30,3931
3543,56,男性,食品,2022-12-13,2428
6827,45,男性,衣服,2022-05-13,1781
5025,55,男性,食品,2022-05-03,4418
8916,42,男性,食品,2022-07-15,4752
5056,64,男性,衣服,2022-06-11,3235
3661,44,女性,電子製品,2022-06-17,1299
4198,32,女性,電子製品,2022-08-08,4083
2303,58,男性,衣服,2022-09-21,2749
9748,50,女性,電子製品,2022-03-10,4750
6345,19,男性,家庭用品,2022-12-05,2715
6676,61,男性,電子製品,2022-08-25,3684
1509,36,男性,電子製品,2022-04-13,3303
9363,61,女性,電子製品,2022-11-18,1459
8364,20,女性,電子製品,2022-07-17,4554
2382,31,男性,家庭用品,2022-02-14,3657
9062,59,女性,衣服,2022-11-06,2605
4216,24,男性,食品,2022-04-13,1614
1750,26,男性,衣服,2022-04-06,3369
7460,42,女性,衣服,2022-06-22,4515
8555,64,男性,家庭用品,2022-04-01,3808
3565,47,女性,食品,2022-09-06,1217
7957,24,男性,衣服,2022-06-25,3239
8641,42,女性,電子製品,2022-01-11,1926
9086,61,男性,家庭用品,2022-05-20,2380
3281,59,女性,衣服,2022-09-02,3049
3421,27,女性,電子製品,2022-12-05,1163
1550,43,男性,電子製品,2022-01-01,3531
4969,56,男性,食品,2022-04-15,3981
9294,41,女性,家庭用品,2022-11-17,4333
8600,22,女性,食品,2022-09-14,3559
7519,19,男性,食品,2022-04-02,4689
6006,67,女性,電子製品,2022-01-18,3819
1134,37,女性,家庭用品,2022-02-07,2330
4954,50,男性,電子製品,2022-12-12,4577
3065,29,女性,食品,2022-07-03,2607
5842,21,男性,食品,2022-09-10,4502
3926,41,男性,電子製品,2022-05-12,2306
3071,53,女性,食品,2022-03-25,2721
9543,66,女性,電子製品,2022-03-27,2134
7161,57,女性,食品,2022-11-18,3280
1139,41,女性,電子製品,2022-12-30,4552
8666,54,男性,食品,2022-11-28,653
1622,58,男性,食品,2022-08-06,1235
8019,36,男性,衣服,2022-09-02,1919
5018,58,女性,衣服,2022-08-14,3968
7726,41,女性,家庭用品,2022-04-29,2320
2020,39,男性,家庭用品,2022-07-23,2333
4874,57,女性,衣服,2022-01-10,4950
7143,21,男性,家庭用品,2022-03-08,4451
5419,49,男性,家庭用品,2022-10-29,2267
2101,63,女性,家庭用品,2022-07-25,1382
5022,69,男性,衣服,2022-06-01,3833
4086,38,女性,家庭用品,2022-01-19,3321
5216,66,男性,食品,2022-09-26,3422
9029,32,女性,家庭用品,2022-07-21,2991
2430,24,男性,衣服,2022-08-05,2409
5926,67,女性,食品,2022-09-17,1735
5118,43,男性,食品,2022-10-31,4114
3441,18,男性,家庭用品,2022-04-29,2917
5681,31,男性,衣服,2022-10-26,4613
5362,31,男性,電子製品,2022-01-26,4741
7348,58,男性,家庭用品,2022-10-25,3170
2315,57,女性,家庭用品,2022-12-24,3354
7774,25,男性,家庭用品,2022-11-14,1204
3537,70,女性,食品,2022-08-30,4589
2350,42,男性,家庭用品,2022-04-05,847
7467,23,女性,食品,2022-02-06,1347
1375,24,女性,電子製品,2022-09-28,2307
4722,61,女性,衣服,2022-10-04,4307
6049,33,女性,衣服,2022-02-07,3597
1065,19,男性,食品,2022-11-14,2561
6589,41,女性,衣服,2022-03-12,3715
2564,25,女性,電子製品,2022-05-20,2337
6699,36,女性,電子製品,2022-11-15,2067
2681,49,女性,衣服,2022-03-03,4667
3452,27,男性,衣服,2022-08-04,3007
1605,65,女性,食品,2022-07-15,1835
6986,20,女性,食品,2022-04-04,2224
8051,30,男性,衣服,2022-03-25,2322
7330,19,女性,食品,2022-04-23,3821
8419,60,女性,衣服,2022-03-22,3864
6690,21,女性,食品,2022-03-22,921
4267,35,男性,食品,2022-06-10,828
7763,55,男性,家庭用品,2022-01-13,4027
5515,32,女性,電子製品,2022-04-22,4018
7739,37,男性,家庭用品,2022-02-11,4412
7681,41,男性,衣服,2022-09-07,1418
4170,50,男性,家庭用品,2022-06-23,2376
1648,34,女性,家庭用品,2022-02-12,663
6823,66,女性,衣服,2022-01-03,1737
1139,30,男性,食品,2022-01-20,2111
7946,21,男性,家庭用品,2022-03-31,1474
6096,49,女性,家庭用品,2022-11-06,2312
7763,41,男性,食品,2022-01-03,4509
6431,33,女性,食品,2022-11-27,1277
6372,50,女性,電子製品,2022-09-16,4111
3197,55,女性,食品,2022-03-06,3685
3858,47,女性,電子製品,2022-09-05,1105
9964,65,女性,衣服,2022-04-16,2945
2476,29,男性,家庭用品,2022-01-25,2403
6861,60,女性,電子製品,2022-12-17,3430
5405,41,男性,衣服,2022-08-28,4984
9880,53,男性,電子製品,2022-04-12,2049
5264,27,男性,電子製品,2022-04-25,3345
2021,57,女性,家庭用品,2022-12-01,2035
5727,23,女性,電子製品,2022-03-06,4641
1183,29,女性,電子製品,2022-09-18,942
7449,43,男性,衣服,2022-09-18,4733
1741,65,男性,衣服,2022-08-22,3934
1299,59,女性,食品,2022-05-26,2853
6249,70,女性,電子製品,2022-03-09,715
1691,27,男性,家庭用品,2022-10-03,2433
8260,29,男性,家庭用品,2022-05-14,572
7887,64,男性,電子製品,2022-09-02,1026
1486,38,男性,衣服,2022-03-30,4030
9193,64,女性,電子製品,2022-10-17,4671
8814,69,男性,電子製品,2022-10-29,3773
2630,23,男性,電子製品,2022-12-26,3882
6302,28,女性,電子製品,2022-04-27,2420
9759,54,女性,衣服,2022-09-25,728
5189,68,男性,食品,2022-03-03,2785
8051,65,男性,衣服,2022-09-22,3757
8941,47,女性,衣服,2022-06-22,2504
6816,38,女性,電子製品,2022-05-11,884
5018,68,女性,食品,2022-09-08,2324
9689,58,女性,家庭用品,2022-05-14,788
1800,49,女性,家庭用品,2022-05-19,4319
1264,38,男性,家庭用品,2022-01-24,3918
2609,30,男性,家庭用品,2022-08-08,4519
5586,67,男性,家庭用品,2022-07-21,3843
7177,18,男性,家庭用品,2022-09-07,799
1749,38,女性,食品,2022-09-22,4705
3378,36,男性,家庭用品,2022-07-12,759
1234,61,男性,電子製品,2022-06-02,2155
5899,49,女性,電子製品,2022-06-14,2170
1279,20,女性,家庭用品,2022-04-21,545
1550,64,男性,衣服,2022-02-08,3164
6523,31,男性,衣服,2022-10-17,1489
8181,31,男性,家庭用品,2022-09-13,2551
3451,56,女性,電子製品,2022-04-27,1370
6831,48,男性,食品,2022-01-03,2183
2890,65,男性,電子製品,2022-03-11,509
8862,48,男性,衣服,2022-09-16,1643
5464,40,女性,電子製品,2022-08-25,4304
1643,39,女性,家庭用品,2022-10-19,1592
5302,27,男性,電子製品,2022-12-28,4808
6050,32,男性,食品,2022-03-16,4630
5666,57,女性,衣服,2022-05-12,2065
2573,37,男性,衣服,2022-10-29,4126
2430,64,男性,家庭用品,2022-07-10,4553
1567,34,女性,家庭用品,2022-03-20,1427
7447,21,男性,衣服,2022-12-08,4092
7184,35,女性,家庭用品,2022-09-26,819
2521,18,女性,電子製品,2022-11-10,2588
3362,48,男性,食品,2022-09-19,1192
9064,21,男性,電子製品,2022-07-31,4650
6232,51,女性,食品,2022-01-22,1989
1520,28,男性,衣服,2022-12-19,4313
4268,31,女性,食品,2022-08-27,2477
8409,66,男性,衣服,2022-10-04,2073
6314,30,男性,衣服,2022-05-16,1000
1457,19,男性,食品,2022-05-06,684
6513,58,男性,食品,2022-11-26,2885
5190,69,女性,食品,2022-05-03,3496
8751,43,男性,食品,2022-08-19,1168
1944,46,女性,家庭用品,2022-09-10,1282
3245,69,男性,食品,2022-10-12,3062
8457,36,女性,食品,2022-03-06,1610
5928,54,男性,電子製品,2022-12-01,3582
5388,43,男性,電子製品,2022-03-15,4870
3801,24,女性,食品,2022-12-05,1155
9935,22,男性,食品,2022-07-16,1980
7206,41,男性,電子製品,2022-01-06,1437
8021,57,女性,衣服,2022-09-15,4568
9638,54,女性,衣服,2022-10-30,4736
7870,69,女性,衣服,2022-09-21,668
5341,24,男性,家庭用品,2022-08-01,4250
2903,40,女性,家庭用品,2022-01-31,4969
8600,39,男性,電子製品,2022-07-07,603
8917,31,女性,衣服,2022-06-05,3805
6712,68,男性,電子製品,2022-07-19,2691
3720,69,男性,食品,2022-01-31,1989
2628,53,男性,家庭用品,2022-07-08,3604
6602,24,男性,電子製品,2022-10-08,552
8314,21,男性,衣服,2022-06-08,3299
5219,58,男性,衣服,2022-04-27,3445
2514,21,男性,家庭用品,2022-07-21,1196
1331,57,女性,電子製品,2022-02-03,703
8262,64,男性,食品,2022-09-11,2258
4785,68,女性,食品,2022-03-23,4480
4667,69,男性,電子製品,2022-03-17,2750
8508,59,男性,家庭用品,2022-06-23,1604
4709,33,女性,衣服,2022-09-18,3531
9053,36,女性,家庭用品,2022-06-11,1445
8914,63,男性,電子製品,2022-04-24,1919
6729,49,男性,家庭用品,2022-09-11,612
7597,31,男性,電子製品,2022-12-20,1554
1394,69,女性,電子製品,2022-01-22,1686
8311,52,男性,衣服,2022-01-09,3080
7600,47,男性,電子製品,2022-03-10,4764
6992,68,女性,食品,2022-07-03,3759
4428,46,女性,衣服,2022-03-30,3314
3259,37,女性,家庭用品,2022-07-19,801
5050,62,男性,家庭用品,2022-04-30,4652
8902,59,女性,食品,2022-06-14,4694
8377,57,女性,食品,2022-07-14,1364
7663,33,女性,家庭用品,2022-07-08,1098
6085,31,男性,衣服,2022-06-06,1056
9167,48,男性,衣服,2022-03-26,1742
6994,38,男性,食品,2022-05-21,3642
8529,19,男性,電子製品,2022-08-31,652
2112,39,男性,家庭用品,2022-02-05,3585
5708,36,女性,衣服,2022-02-25,4919
4200,44,男性,電子製品,2022-08-23,1379
